id,name,provider,status,modality,context_window,max_output_tokens,price_input_per_mtok,price_output_per_mtok,price_cached_input_per_mtok,knowledge_cutoff,released,deprecated_on,retires_on,replacement,api_string,source_url
claude-fable-5,Claude Fable 5,Anthropic,ga,text|image|vision,1000000,128000,10,50,1,,2026-06-09,,,,claude-fable-5,https://platform.claude.com/docs/en/docs/about-claude/models/overview
claude-mythos-5,Claude Mythos 5,Anthropic,preview,text|image|vision,1000000,128000,10,50,1,,2026-06-09,,,,claude-mythos-5,https://platform.claude.com/docs/en/docs/about-claude/models/overview
claude-mythos-preview,Claude Mythos Preview,Anthropic,deprecated,text|image|vision,1000000,,,,,,,,2026-06-30,claude-mythos-5,claude-mythos-preview,https://platform.claude.com/docs/en/about-claude/model-deprecations
claude-opus-4-8,Claude Opus 4.8,Anthropic,ga,text|image|vision,1000000,128000,5,25,0.5,2026-01,,,,,claude-opus-4-8,https://platform.claude.com/docs/en/docs/about-claude/models/overview
claude-opus-4-7,Claude Opus 4.7,Anthropic,ga,text|image|vision,1000000,128000,5,25,0.5,2026-01,,,,,claude-opus-4-7,https://platform.claude.com/docs/en/docs/about-claude/models/overview
claude-opus-4-6,Claude Opus 4.6,Anthropic,ga,text|image|vision,1000000,128000,5,25,0.5,2025-05,,,,,claude-opus-4-6,https://platform.claude.com/docs/en/docs/about-claude/models/overview
claude-opus-4-5,Claude Opus 4.5,Anthropic,ga,text|image|vision,200000,64000,5,25,0.5,2025-05,,,,,claude-opus-4-5-20251101,https://platform.claude.com/docs/en/docs/about-claude/models/overview
claude-opus-4-1,Claude Opus 4.1,Anthropic,deprecated,text|image|vision,200000,32000,15,75,1.5,2025-01,,2026-06-05,2026-08-05,claude-opus-4-8,claude-opus-4-1-20250805,https://platform.claude.com/docs/en/about-claude/model-deprecations
claude-opus-4,Claude Opus 4,Anthropic,retired,text|image|vision,200000,,15,75,1.5,,,2026-04-14,2026-06-15,claude-opus-4-8,claude-opus-4-20250514,https://platform.claude.com/docs/en/about-claude/model-deprecations
claude-sonnet-5,Claude Sonnet 5,Anthropic,ga,text|image|vision,1000000,128000,3,15,0.3,2026-01,2026-06-30,,,,claude-sonnet-5,https://platform.claude.com/docs/en/docs/about-claude/models/overview
claude-sonnet-4-6,Claude Sonnet 4.6,Anthropic,ga,text|image|vision,1000000,128000,3,15,0.3,2025-08,,,,,claude-sonnet-4-6,https://platform.claude.com/docs/en/docs/about-claude/models/overview
claude-sonnet-4-5,Claude Sonnet 4.5,Anthropic,ga,text|image|vision,200000,64000,3,15,0.3,2025-01,,,,,claude-sonnet-4-5-20250929,https://platform.claude.com/docs/en/docs/about-claude/models/overview
claude-sonnet-4,Claude Sonnet 4,Anthropic,retired,text|image|vision,,,3,15,0.3,,,2026-04-14,2026-06-15,claude-sonnet-4-6,claude-sonnet-4-20250514,https://platform.claude.com/docs/en/about-claude/model-deprecations
claude-haiku-4-5,Claude Haiku 4.5,Anthropic,ga,text|image|vision,200000,64000,1,5,0.1,2025-02,,,,,claude-haiku-4-5-20251001,https://platform.claude.com/docs/en/docs/about-claude/models/overview
claude-haiku-3-5,Claude Haiku 3.5,Anthropic,retired,text|image|vision,,,0.8,4,0.08,,,2025-12-19,2026-02-19,claude-haiku-4-5-20251001,claude-3-5-haiku-20241022,https://platform.claude.com/docs/en/about-claude/model-deprecations
claude-3-7-sonnet,Claude Sonnet 3.7,Anthropic,retired,text|image|vision,,,,,,,,2025-10-28,2026-02-19,claude-sonnet-4-6,claude-3-7-sonnet-20250219,https://platform.claude.com/docs/en/about-claude/model-deprecations
claude-3-haiku,Claude Haiku 3,Anthropic,retired,text|image|vision,,,,,,,,2026-02-19,2026-04-20,claude-haiku-4-5-20251001,claude-3-haiku-20240307,https://platform.claude.com/docs/en/about-claude/model-deprecations
gpt-5-6-sol,GPT-5.6 Sol,OpenAI,ga,text|image,1050000,128000,5,30,0.5,2026-02-16,2026-07-09,,,,gpt-5.6-sol,https://developers.openai.com/api/docs/models/gpt-5.6-sol
gpt-5-6-terra,GPT-5.6 Terra,OpenAI,ga,text|image,1050000,128000,2.5,15,0.25,2026-02-16,2026-07-09,,,,gpt-5.6-terra,https://developers.openai.com/api/docs/models/gpt-5.6-terra
gpt-5-6-luna,GPT-5.6 Luna,OpenAI,ga,text|image,1050000,128000,1,6,0.1,2026-02-16,2026-07-09,,,,gpt-5.6-luna,https://developers.openai.com/api/docs/models/gpt-5.6-luna
gpt-5-5,GPT-5.5,OpenAI,ga,text|image,1050000,128000,5,30,0.5,2025-12-01,2026-04-23,,,,gpt-5.5,https://developers.openai.com/api/docs/models/gpt-5.5
gpt-5-5-pro,GPT-5.5 Pro,OpenAI,ga,text|image,1050000,128000,30,180,,2025-12-01,2026-04-23,,,,gpt-5.5-pro,https://developers.openai.com/api/docs/models/gpt-5.5-pro
gpt-5-4,GPT-5.4,OpenAI,ga,text|image,1050000,128000,2.5,15,0.25,2025-08-31,2026-03-05,,,,gpt-5.4,https://developers.openai.com/api/docs/models/gpt-5.4
gpt-5-4-mini,GPT-5.4 mini,OpenAI,ga,text|image,400000,128000,0.75,4.5,0.075,2025-08-31,2026-03-17,,,,gpt-5.4-mini,https://developers.openai.com/api/docs/models/gpt-5.4-mini
gpt-5-4-nano,GPT-5.4 nano,OpenAI,ga,text|image,400000,128000,0.2,1.25,0.02,2025-08-31,2026-03-17,,,,gpt-5.4-nano,https://developers.openai.com/api/docs/models/gpt-5.4-nano
gpt-5-4-pro,GPT-5.4 Pro,OpenAI,ga,text|image,1050000,128000,30,180,,2025-08-31,2026-03-05,,,,gpt-5.4-pro,https://developers.openai.com/api/docs/models/gpt-5.4-pro
gpt-5-3-codex,GPT-5.3-Codex,OpenAI,ga,text|image,400000,128000,1.75,14,0.175,2025-08-31,,,,,gpt-5.3-codex,https://developers.openai.com/api/docs/models/gpt-5.3-codex
gpt-realtime-2,GPT-Realtime-2,OpenAI,ga,text|audio|image,128000,32000,4,24,0.4,2024-09-30,,,,,gpt-realtime-2,https://developers.openai.com/api/docs/models/gpt-realtime-2
gpt-image-2,GPT Image 2,OpenAI,ga,text|image,,,8,30,2,,2026-04-21,,,,gpt-image-2,https://developers.openai.com/api/docs/models/gpt-image-2
gpt-image-1-5,GPT Image 1.5,OpenAI,ga,text|image,,,8,32,2,,2025-12-16,,,gpt-image-2,gpt-image-1.5,https://developers.openai.com/api/docs/models/gpt-image-1.5
gpt-image-1-mini,GPT Image 1 mini,OpenAI,ga,text|image,,,2.5,8,0.25,,,,,,gpt-image-1-mini,https://developers.openai.com/api/docs/pricing
gpt-4o-transcribe,GPT-4o Transcribe,OpenAI,ga,audio|text,16000,2000,2.5,10,,2024-06-01,,,,,gpt-4o-transcribe,https://developers.openai.com/api/docs/models/gpt-4o-transcribe
gpt-4o-mini-transcribe,GPT-4o mini Transcribe,OpenAI,ga,audio|text,16000,2000,1.25,5,,2024-06-01,,,,,gpt-4o-mini-transcribe,https://developers.openai.com/api/docs/pricing
text-embedding-3-large,text-embedding-3-large,OpenAI,ga,text,8191,,0.13,,,,2024-01-25,,,,text-embedding-3-large,https://developers.openai.com/api/docs/models/text-embedding-3-large
text-embedding-3-small,text-embedding-3-small,OpenAI,ga,text,8191,,0.02,,,,2024-01-25,,,,text-embedding-3-small,https://developers.openai.com/api/docs/models/text-embedding-3-small
gpt-5,GPT-5,OpenAI,deprecated,text|image,400000,128000,,,,2024-09-30,2025-08-07,2026-06-11,2026-12-11,gpt-5.5,gpt-5-2025-08-07,https://developers.openai.com/api/docs/deprecations
gpt-5-mini,GPT-5 mini,OpenAI,deprecated,text|image,400000,128000,,,,,2025-08-07,2026-06-11,2026-12-11,gpt-5.4-mini,gpt-5-mini-2025-08-07,https://developers.openai.com/api/docs/deprecations
gpt-5-nano,GPT-5 nano,OpenAI,deprecated,text|image,400000,128000,,,,,2025-08-07,2026-06-11,2026-12-11,gpt-5.4-nano,gpt-5-nano-2025-08-07,https://developers.openai.com/api/docs/deprecations
gpt-5-pro,GPT-5 Pro,OpenAI,deprecated,text|image,400000,128000,,,,,2025-10-06,2026-06-11,2026-12-11,gpt-5.5-pro,gpt-5-pro-2025-10-06,https://developers.openai.com/api/docs/deprecations
o3,o3,OpenAI,deprecated,text|image,200000,100000,2,8,0.5,2024-06-01,2025-04-16,2026-06-11,2026-12-11,gpt-5.5,o3-2025-04-16,https://developers.openai.com/api/docs/models/o3
o3-pro,o3-pro,OpenAI,deprecated,text|image,200000,100000,,,,2024-06-01,2025-06-10,2026-06-11,2026-12-11,gpt-5.5-pro,o3-pro-2025-06-10,https://developers.openai.com/api/docs/deprecations
o3-deep-research,o3-deep-research,OpenAI,deprecated,text|image,200000,100000,5,20,,,,2026-04-22,2026-07-23,gpt-5.5-pro,o3-deep-research,https://developers.openai.com/api/docs/deprecations
o4-mini-deep-research,o4-mini-deep-research,OpenAI,ga,text|image,200000,100000,2,8,,,,,,,o4-mini-deep-research,https://developers.openai.com/api/docs/pricing
computer-use-preview,computer-use-preview,OpenAI,deprecated,text|image,,,1.5,6,,,,2026-04-22,2026-07-23,gpt-5.4-mini,computer-use-preview,https://developers.openai.com/api/docs/deprecations
gpt-5-codex,GPT-5-Codex,OpenAI,deprecated,text|image,400000,128000,,,,,,2026-04-22,2026-07-23,gpt-5.5,gpt-5-codex,https://developers.openai.com/api/docs/deprecations
sora-2,Sora 2,OpenAI,deprecated,text|video,,,,,,,,2026-03-24,2026-09-24,,sora-2,https://developers.openai.com/api/docs/deprecations
sora-2-pro,Sora 2 Pro,OpenAI,deprecated,text|video,,,,,,,,2026-03-24,2026-09-24,,sora-2-pro,https://developers.openai.com/api/docs/deprecations
dall-e-3,DALL-E 3,OpenAI,deprecated,text|image,,,,,,,2023-11-06,2025-11-14,2026-05-12,gpt-image-2,dall-e-3,https://developers.openai.com/api/docs/deprecations
dall-e-2,DALL-E 2,OpenAI,retired,text|image,,,,,,,,2025-11-14,2026-05-12,gpt-image-2,dall-e-2,https://developers.openai.com/api/docs/deprecations
gemini-3-1-pro-preview,Gemini 3.1 Pro Preview,Google,preview,text|image|video|audio|pdf,1048576,65536,2,12,0.2,2025-01,2026-02,,,,gemini-3.1-pro-preview,https://ai.google.dev/gemini-api/docs/models/gemini-3.1-pro-preview
gemini-3-5-flash,Gemini 3.5 Flash,Google,ga,text|image|video|audio|pdf,1048576,65536,1.5,9,0.15,2025-01,2026-05-19,,,,gemini-3.5-flash,https://ai.google.dev/gemini-api/docs/whats-new-gemini-3.5
gemini-3-flash-preview,Gemini 3 Flash Preview,Google,preview,text|image|video|audio|pdf,1048576,65536,0.5,3,0.05,2025-01,2025-12,,,,gemini-3-flash-preview,https://ai.google.dev/gemini-api/docs/models/gemini-3-flash-preview
gemini-3-1-flash-lite,Gemini 3.1 Flash-Lite,Google,ga,text|image|video|audio|pdf,1048576,65536,0.25,1.5,0.025,2025-01,2026-05-07,,2027-05-07,,gemini-3.1-flash-lite,https://ai.google.dev/gemini-api/docs/models/gemini-3.1-flash-lite
gemini-2-5-pro,Gemini 2.5 Pro,Google,deprecated,text|image|video|audio|pdf,1048576,65536,1.25,10,0.125,2025-01,2025-06-17,,2026-10-16,gemini-3.1-pro-preview,gemini-2.5-pro,https://ai.google.dev/gemini-api/docs/models/gemini-2.5-pro
gemini-2-5-flash,Gemini 2.5 Flash,Google,deprecated,text|image|video|audio,1048576,65536,0.3,2.5,0.03,2025-01,2025-06-17,,2026-10-16,gemini-3.5-flash,gemini-2.5-flash,https://ai.google.dev/gemini-api/docs/models/gemini-2.5-flash
gemini-2-5-flash-lite,Gemini 2.5 Flash-Lite,Google,deprecated,text|image|video|audio|pdf,1048576,65536,0.1,0.4,0.01,2025-01,2025-07-22,,2026-10-16,gemini-3.1-flash-lite,gemini-2.5-flash-lite,https://ai.google.dev/gemini-api/docs/models/gemini-2.5-flash-lite
gemini-2-0-flash,Gemini 2.0 Flash,Google,retired,text|image|video|audio,1048576,8192,0.1,0.4,0.025,2024-08,2025-02-05,,2026-06-01,gemini-3.5-flash,gemini-2.0-flash,https://ai.google.dev/gemini-api/docs/models/gemini-2.0-flash
gemini-2-0-flash-lite,Gemini 2.0 Flash-Lite,Google,retired,text|image|video|audio,1048576,8192,0.075,0.3,,2024-08,2025-02-25,,2026-06-01,gemini-3.1-flash-lite,gemini-2.0-flash-lite,https://ai.google.dev/gemini-api/docs/deprecations
grok-4-5,Grok 4.5,xAI,ga,text-in|image-in|text-out,500000,,2,6,0.5,,2026-07-08,,,,grok-4.5,https://docs.x.ai/developers/models/grok-4.5
grok-4-3,Grok 4.3,xAI,ga,text-in|image-in|text-out,1000000,,1.25,2.5,0.2,,2026-04-30,,,,grok-4.3,https://docs.x.ai/developers/models/grok-4.3
grok-4-20-0309-reasoning,Grok 4.20 (0309) Reasoning,xAI,ga,text-in|image-in|text-out,1000000,,1.25,2.5,0.2,,,,,,grok-4.20-0309-reasoning,https://docs.x.ai/developers/models/grok-4.20-0309-reasoning
grok-4-20-0309-non-reasoning,Grok 4.20 (0309) Non-Reasoning,xAI,ga,text-in|image-in|text-out,1000000,,1.25,2.5,0.2,,,,,,grok-4.20-0309-non-reasoning,https://docs.x.ai/developers/models/grok-4.20-0309-non-reasoning
grok-4-20-multi-agent-0309,Grok 4.20 Multi-Agent (0309),xAI,beta,text-in|image-in|text-out,1000000,,1.25,2.5,0.2,,,,,,grok-4.20-multi-agent-0309,https://docs.x.ai/developers/models/grok-4.20-multi-agent-0309
grok-build-0-1,Grok Build 0.1,xAI,ga,text-in|image-in|text-out,256000,,1,2,0.2,,,,,,grok-build-0.1,https://docs.x.ai/developers/models/grok-build-0.1
grok-imagine-image-quality,Grok Imagine Image (Quality),xAI,ga,text-in|image-out,,,,,,,,,,,grok-imagine-image-quality,https://docs.x.ai/developers/models
grok-imagine-image,Grok Imagine Image,xAI,ga,text-in|image-out,,,,,,,,,,,grok-imagine-image,https://docs.x.ai/developers/models
grok-imagine-video-1-5,Grok Imagine Video 1.5,xAI,ga,text-in|image-in|video-out,,,,,,,,,,,grok-imagine-video-1.5,https://docs.x.ai/developers/models
grok-imagine-video,Grok Imagine Video,xAI,ga,text-in|image-in|video-out,,,,,,,,,,,grok-imagine-video,https://docs.x.ai/developers/models
grok-4-0709,Grok 4 (0709),xAI,retired,text-in|image-in|text-out,,,,,,2024-11,,,2026-05-15,grok-4.3,grok-4-0709,https://docs.x.ai/developers/migration/may-15-retirement
grok-3,Grok 3,xAI,retired,text-in|text-out,131072,,,,,2024-11,,,2026-05-15,grok-4.3,grok-3,https://docs.x.ai/developers/migration/may-15-retirement
grok-4-fast-reasoning,Grok 4 Fast (Reasoning),xAI,retired,text-in|image-in|text-out,,,,,,,,,2026-05-15,grok-4.3,grok-4-fast-reasoning,https://docs.x.ai/developers/migration/may-15-retirement
grok-4-fast-non-reasoning,Grok 4 Fast (Non-Reasoning),xAI,retired,text-in|image-in|text-out,,,,,,,,,2026-05-15,grok-4.3,grok-4-fast-non-reasoning,https://docs.x.ai/developers/migration/may-15-retirement
grok-4-1-fast-reasoning,Grok 4.1 Fast (Reasoning),xAI,retired,text-in|image-in|text-out,,,,,,,,,2026-05-15,grok-4.3,grok-4-1-fast-reasoning,https://docs.x.ai/developers/migration/may-15-retirement
grok-4-1-fast-non-reasoning,Grok 4.1 Fast (Non-Reasoning),xAI,retired,text-in|image-in|text-out,,,,,,,,,2026-05-15,grok-4.3,grok-4-1-fast-non-reasoning,https://docs.x.ai/developers/migration/may-15-retirement
grok-code-fast-1,Grok Code Fast 1,xAI,retired,text-in|image-in|text-out,256000,,,,,,,,2026-05-15,grok-build-0.1,grok-code-fast-1,https://docs.x.ai/developers/migration/may-15-retirement
grok-imagine-image-pro,Grok Imagine Image Pro,xAI,retired,text-in|image-out,,,,,,,,,2026-05-15,grok-imagine-image-quality,grok-imagine-image-pro,https://docs.x.ai/developers/migration/may-15-retirement
llama-4-maverick,Llama 4 Maverick (17B-128E Instruct),Meta,ga,text|image,1000000,,0.15,0.6,,2024-08,2025-04-05,,,,meta-llama/Llama-4-Maverick-17B-128E-Instruct-FP8,https://huggingface.co/meta-llama/Llama-4-Maverick-17B-128E
llama-4-scout,Llama 4 Scout (17B-16E Instruct),Meta,ga,text|image,10000000,,0.1,0.3,,2024-08,2025-04-05,,,,meta-llama/Llama-4-Scout-17B-16E-Instruct-FP8,https://huggingface.co/meta-llama/Llama-4-Scout-17B-16E
llama-4-behemoth,Llama 4 Behemoth (preview),Meta,preview,text|image,,,,,,,,,,,,https://ai.meta.com/blog/llama-4-multimodal-intelligence/
llama-3-3-70b-instruct,Llama 3.3 70B Instruct,Meta,ga,text,128000,,0.1,0.32,,2023-12,2024-12-06,,,,meta-llama/Llama-3.3-70B-Instruct,https://huggingface.co/meta-llama/Llama-3.3-70B-Instruct
llama-3-3-8b-instruct,Llama 3.3 8B Instruct (Llama API),Meta,ga,text,128000,,,,,,,,,,Llama-3.3-8B-Instruct,https://llama.developer.meta.com/docs/models
llama-3-1-405b-instruct,Llama 3.1 405B Instruct,Meta,ga,text,128000,,,,,2023-12,2024-07-23,,,,meta-llama/Llama-3.1-405B-Instruct,https://huggingface.co/meta-llama/Llama-3.1-8B-Instruct
llama-3-1-70b-instruct,Llama 3.1 70B Instruct,Meta,ga,text,128000,,,,,2023-12,2024-07-23,,,llama-3-3-70b-instruct,meta-llama/Llama-3.1-70B-Instruct,https://huggingface.co/meta-llama/Llama-3.1-8B-Instruct
llama-3-1-8b-instruct,Llama 3.1 8B Instruct,Meta,ga,text,128000,,0.02,0.03,,2023-12,2024-07-23,,,,meta-llama/Llama-3.1-8B-Instruct,https://huggingface.co/meta-llama/Llama-3.1-8B-Instruct
llama-3-2-90b-vision-instruct,Llama 3.2 90B Vision Instruct,Meta,ga,text|image,128000,,,,,2023-12,2024-09-25,,,,meta-llama/Llama-3.2-90B-Vision-Instruct,https://huggingface.co/meta-llama/Llama-3.2-11B-Vision-Instruct
llama-3-2-11b-vision-instruct,Llama 3.2 11B Vision Instruct,Meta,ga,text|image,128000,,,,,2023-12,2024-09-25,,,,meta-llama/Llama-3.2-11B-Vision-Instruct,https://huggingface.co/meta-llama/Llama-3.2-11B-Vision-Instruct
llama-3-2-3b-instruct,Llama 3.2 3B Instruct,Meta,ga,text,128000,,,,,2023-12,2024-09-25,,,,meta-llama/Llama-3.2-3B-Instruct,https://huggingface.co/meta-llama/Llama-3.2-11B-Vision-Instruct
llama-3-2-1b-instruct,Llama 3.2 1B Instruct,Meta,ga,text,128000,,,,,2023-12,2024-09-25,,,,meta-llama/Llama-3.2-1B-Instruct,https://huggingface.co/meta-llama/Llama-3.2-11B-Vision-Instruct
mistral-large-3,Mistral Large 3,Mistral,ga,text|vision,256000,,0.5,1.5,,,2025-12-02,,,,mistral-large-2512,https://docs.mistral.ai/models/mistral-large-3-25-12
mistral-medium-3-5,Mistral Medium 3.5,Mistral,ga,text|vision,,,1.5,7.5,,,,,,,mistral-medium-latest,https://mistral.ai/pricing/
mistral-small-4,Mistral Small 4,Mistral,ga,text|vision,256000,,0.15,0.6,,,2026-03-16,,,,mistral-small-2603,https://docs.mistral.ai/models/model-cards/mistral-small-4-0-26-03
mistral-small-3-2,Mistral Small 3.2,Mistral,deprecated,text|vision,,,,,,,,2026-04-30,2026-07-31,mistral-small-2603,mistral-small-2506,https://docs.mistral.ai/getting-started/models/models_overview/
codestral,Codestral (v25.08),Mistral,ga,text|code,128000,,0.3,0.9,,,2025-07-30,,,,codestral-2508,https://docs.mistral.ai/models/codestral-25-08
codestral-2501,Codestral (v25.01),Mistral,retired,text|code,,,,,,,,2025-11-06,2025-11-30,codestral-2508,codestral-2501,https://docs.mistral.ai/getting-started/models/models_overview/
codestral-embed,Codestral Embed,Mistral,ga,text|code,,,0.15,,,,,,,,codestral-embed-2505,https://docs.mistral.ai/getting-started/models/models_overview/
pixtral-large,Pixtral Large,Mistral,deprecated,text|vision,128000,,,,,,2024-11-18,2026-02-27,2026-05-31,mistral-medium-latest,pixtral-large-2411,https://docs.mistral.ai/models/pixtral-large-24-11
pixtral-12b,Pixtral 12B,Mistral,deprecated,text|vision,,,,,,,2024-09,2025-12-02,2025-12-31,ministral-3-14b-latest,pixtral-12b-2409,https://docs.mistral.ai/getting-started/models/models_overview/
ministral-3-14b,Ministral 3 14B,Mistral,ga,text|vision,,,0.2,0.2,,,2025-12-02,,,,ministral-3-14b-latest,https://mistral.ai/news/mistral-3/
ministral-3-8b,Ministral 3 8B,Mistral,ga,text|vision,256000,,0.15,0.15,,,2025-12-02,,,,ministral-3-8b-latest,https://docs.mistral.ai/models/ministral-3-8b-25-12
ministral-3-3b,Ministral 3 3B,Mistral,ga,text|vision,,,0.1,0.1,,,2025-12-02,,,,ministral-3-3b-latest,https://mistral.ai/pricing/api/
ministral-8b-2410,Ministral 8B (2410),Mistral,deprecated,text,,,,,,,2024-10,2025-12-02,2025-12-31,ministral-3-8b-latest,ministral-8b-2410,https://docs.mistral.ai/getting-started/models/models_overview/
ministral-3b-2410,Ministral 3B (2410),Mistral,deprecated,text,,,,,,,2024-10,2025-12-02,2025-12-31,ministral-3-3b-latest,ministral-3b-2410,https://docs.mistral.ai/getting-started/models/models_overview/
mistral-large-2-1,Mistral Large 2.1,Mistral,deprecated,text,128000,,,,,,2024-11,2026-02-27,2026-05-31,mistral-medium-latest,mistral-large-2411,https://docs.mistral.ai/getting-started/models/models_overview/
mistral-large-2-0,Mistral Large 2.0,Mistral,retired,text,128000,,,,,,2024-07,2024-11-30,2025-03-30,mistral-large-2512,mistral-large-2407,https://docs.mistral.ai/getting-started/models/models_overview/
mistral-medium-3-1,Mistral Medium 3.1,Mistral,deprecated,text|vision,,,,,,,2025-08,2026-05-22,2026-08-31,mistral-medium-latest,mistral-medium-2508,https://docs.mistral.ai/getting-started/models/models_overview/
mistral-nemo,Mistral NeMo,Mistral,deprecated,text,128000,,,,,,2024-07,2026-05-22,2026-07-31,ministral-3-8b-latest,open-mistral-nemo-2407,https://docs.mistral.ai/getting-started/models/models_overview/
mixtral-8x22b,Mixtral 8x22B,Mistral,retired,text,64000,,,,,,2024-04,2024-11-30,2025-03-30,mistral-small-2603,open-mixtral-8x22b,https://docs.mistral.ai/getting-started/models/models_overview/
mixtral-8x7b,Mixtral 8x7B,Mistral,retired,text,32000,,,,,,2023-12,2024-11-30,2025-03-30,mistral-small-2603,open-mixtral-8x7b,https://docs.mistral.ai/getting-started/models/models_overview/
magistral-medium-1-2,Magistral Medium 1.2,Mistral,deprecated,text|vision,128000,,2,5,,,2025-09-18,2026-05-22,2026-07-31,mistral-medium-3-5,magistral-medium-2509,https://docs.mistral.ai/models/magistral-medium-1-2-25-09
magistral-small-1-2,Magistral Small 1.2,Mistral,deprecated,text|vision,128000,,0.5,1.5,,,2025-09-18,2026-04-30,2026-07-31,mistral-small-4,magistral-small-2509,https://docs.mistral.ai/models/magistral-small-1-2-25-09
devstral-2,Devstral 2,Mistral,deprecated,text,256000,,0.4,2,,,2025-12-09,2026-05-22,2026-07-31,mistral-medium-3-5,devstral-2512,https://docs.mistral.ai/models/devstral-2-25-12
devstral-small-2,Devstral Small 2,Mistral,deprecated,text|vision,256000,,0.1,0.3,,,2025-12-09,2026-02-27,2026-03-31,mistral-medium-3-5,labs-devstral-small-2512,https://docs.mistral.ai/models/devstral-small-2-25-12
deepseek-v4-flash,DeepSeek-V4-Flash,DeepSeek,preview,text,1000000,384000,0.14,0.28,0.0028,,2026-04-24,,,,deepseek-v4-flash,https://api-docs.deepseek.com/quick_start/pricing
deepseek-v4-pro,DeepSeek-V4-Pro,DeepSeek,preview,text,1000000,384000,0.435,0.87,0.003625,,2026-04-24,,,,deepseek-v4-pro,https://api-docs.deepseek.com/quick_start/pricing
deepseek-chat,deepseek-chat (legacy alias),DeepSeek,deprecated,text,1000000,384000,0.14,0.28,0.0028,,,,2026-07-24,deepseek-v4-flash,deepseek-chat,https://api-docs.deepseek.com/news/news260424
deepseek-reasoner,deepseek-reasoner (legacy alias),DeepSeek,deprecated,text,1000000,384000,0.14,0.28,0.0028,,,,2026-07-24,deepseek-v4-flash,deepseek-reasoner,https://api-docs.deepseek.com/news/news260424
command-a-plus-05-2026,Command A Plus,Cohere,ga,text|image,128000,64000,,,,,2026-05,,,,command-a-plus-05-2026,https://docs.cohere.com/docs/models
command-a-03-2025,Command A,Cohere,ga,text,256000,8000,2.5,10,,,2025-03,,,,command-a-03-2025,https://docs.cohere.com/docs/models
command-a-reasoning-08-2025,Command A Reasoning,Cohere,ga,text,256000,32000,,,,,2025-08,,,,command-a-reasoning-08-2025,https://docs.cohere.com/docs/models
command-a-vision-07-2025,Command A Vision,Cohere,ga,text|image,128000,8000,,,,,2025-07,,,,command-a-vision-07-2025,https://docs.cohere.com/docs/models
command-a-translate-08-2025,Command A Translate,Cohere,ga,text,8000,8000,,,,,2025-08,,,,command-a-translate-08-2025,https://docs.cohere.com/docs/models
command-r7b-12-2024,Command R7B,Cohere,ga,text,128000,4000,0.0375,0.15,,,2024-12,,,,command-r7b-12-2024,https://docs.cohere.com/docs/models
command-r-plus-08-2024,Command R+ (08-2024),Cohere,ga,text,128000,4000,2.5,10,,,2024-08,,,,command-r-plus-08-2024,https://cohere.com/pricing
command-r-08-2024,Command R (08-2024),Cohere,ga,text,128000,4000,0.15,0.6,,,2024-08,,,,command-r-08-2024,https://docs.cohere.com/docs/models
command-r-plus-04-2024,Command R+ (04-2024),Cohere,deprecated,text,128000,4000,3,15,,,2024-04,2025-09-15,2025-09-15,command-r-plus-08-2024,command-r-plus-04-2024,https://docs.cohere.com/docs/deprecations
command-r-03-2024,Command R (03-2024),Cohere,deprecated,text,128000,4000,0.5,1.5,,,2024-03,2025-09-15,2025-09-15,command-r-08-2024,command-r-03-2024,https://docs.cohere.com/docs/deprecations
command,Command (legacy),Cohere,deprecated,text,4096,4000,1,2,,,,2025-09-15,2025-09-15,command-r-08-2024,command,https://docs.cohere.com/docs/deprecations
command-light,Command Light (legacy),Cohere,deprecated,text,4096,4000,0.3,0.6,,,,2025-09-15,2025-09-15,command-r-08-2024,command-light,https://docs.cohere.com/docs/deprecations
embed-v4-0,Embed 4 (embed-v4.0),Cohere,ga,text|image,128000,,0.12,,,,,,,,embed-v4.0,https://docs.cohere.com/docs/models
embed-english-v3-0,Embed English v3.0,Cohere,ga,text|image,512,,0.1,,,,,,,,embed-english-v3.0,https://docs.cohere.com/docs/models
embed-english-light-v3-0,Embed English Light v3.0,Cohere,ga,text|image,512,,0.1,,,,,,,,embed-english-light-v3.0,https://docs.cohere.com/docs/models
embed-multilingual-v3-0,Embed Multilingual v3.0,Cohere,ga,text|image,512,,0.1,,,,,,,,embed-multilingual-v3.0,https://docs.cohere.com/docs/models
embed-multilingual-light-v3-0,Embed Multilingual Light v3.0,Cohere,ga,text|image,512,,0.1,,,,,,,,embed-multilingual-light-v3.0,https://docs.cohere.com/docs/models
rerank-v4-0-pro,Rerank 4 Pro (rerank-v4.0-pro),Cohere,ga,text,32000,,,,,,,,,,rerank-v4.0-pro,https://docs.cohere.com/docs/models
rerank-v4-0-fast,Rerank 4 Fast (rerank-v4.0-fast),Cohere,ga,text,32000,,,,,,,,,,rerank-v4.0-fast,https://docs.cohere.com/docs/models
rerank-v3-5,Rerank 3.5 (rerank-v3.5),Cohere,ga,text,4000,,,,,,,,,,rerank-v3.5,https://docs.cohere.com/docs/models
rerank-english-v3-0,Rerank English v3.0,Cohere,ga,text,4000,,,,,,,,,,rerank-english-v3.0,https://docs.cohere.com/docs/models
rerank-multilingual-v3-0,Rerank Multilingual v3.0,Cohere,ga,text,4000,,,,,,,,,,rerank-multilingual-v3.0,https://docs.cohere.com/docs/models
rerank-english-v2-0,Rerank English v2.0,Cohere,retired,text,,,,,,,,2024-12-02,2025-04-30,rerank-v3.5,rerank-english-v2.0,https://docs.cohere.com/docs/deprecations
rerank-multilingual-v2-0,Rerank Multilingual v2.0,Cohere,retired,text,,,,,,,,2024-12-02,2025-04-30,rerank-v3.5,rerank-multilingual-v2.0,https://docs.cohere.com/docs/deprecations
embed-english-v2-0,Embed English v2.0,Cohere,retired,text,,,,,,,,2026-04-04,2026-04-04,embed-v4.0,embed-english-v2.0,https://docs.cohere.com/docs/deprecations
embed-english-light-v2-0,Embed English Light v2.0,Cohere,retired,text,,,,,,,,2026-04-04,2026-04-04,embed-v4.0,embed-english-light-v2.0,https://docs.cohere.com/docs/deprecations
embed-multilingual-v2-0,Embed Multilingual v2.0,Cohere,retired,text,,,,,,,,2026-04-04,2026-04-04,embed-v4.0,embed-multilingual-v2.0,https://docs.cohere.com/docs/deprecations
summarize,Summarize (legacy endpoint),Cohere,retired,text,,,,,,,,2025-09-15,2025-09-15,Use the /chat endpoint,summarize,https://docs.cohere.com/docs/deprecations
amazon-nova-micro,Amazon Nova Micro,Amazon,ga,text,128000,5000,0.035,0.14,0.00875,2024-10,2024-12-05,,,amazon.nova-2-lite-v1:0,amazon.nova-micro-v1:0,https://docs.aws.amazon.com/bedrock/latest/userguide/model-card-amazon-nova-micro.html
amazon-nova-lite,Amazon Nova Lite,Amazon,ga,text|image|video,300000,5000,0.06,0.24,0.015,2024-10,2024-12-05,,,amazon.nova-2-lite-v1:0,amazon.nova-lite-v1:0,https://docs.aws.amazon.com/bedrock/latest/userguide/model-card-amazon-nova-lite.html
amazon-nova-pro,Amazon Nova Pro,Amazon,ga,text|image|video,300000,5000,0.8,3.2,0.2,2024-10,2024-12-05,,,amazon.nova-2-lite-v1:0,amazon.nova-pro-v1:0,https://docs.aws.amazon.com/bedrock/latest/userguide/model-card-amazon-nova-pro.html
amazon-nova-premier,Amazon Nova Premier,Amazon,deprecated,text|image|video,1000000,25000,2.5,12.5,0.625,2024-10,2025-10-31,,2026-09-14,amazon.nova-2-lite-v1:0,amazon.nova-premier-v1:0,https://docs.aws.amazon.com/bedrock/latest/userguide/model-card-amazon-nova-premier.html
amazon-nova-2-lite,Amazon Nova 2 Lite,Amazon,ga,text|image|video,1000000,64000,0.3,2.5,,2025-10,2025-12-02,,,,amazon.nova-2-lite-v1:0,https://docs.aws.amazon.com/bedrock/latest/userguide/model-card-amazon-nova-2-lite.html
amazon-nova-2-pro,Amazon Nova 2 Pro,Amazon,preview,text|image|video,1000000,,,,,,2025-12-02,,,,,https://aws.amazon.com/about-aws/whats-new/2025/12/nova-2-foundation-models-amazon-bedrock/
qwen3-7-max,Qwen3.7-Max,Alibaba,ga,text|image|video,1000000,65536,2.5,7.5,,,2026-05-21,,,,qwen3.7-max,https://www.alibabacloud.com/help/en/model-studio/model-pricing
qwen3-7-max-preview,Qwen3.7-Max-Preview,Alibaba,preview,text,1000000,65536,2.5,7.5,,,2026-05-25,,,qwen3.7-max,qwen3.7-max-preview,https://www.alibabacloud.com/help/en/model-studio/model-pricing
qwen3-7-plus,Qwen3.7-Plus,Alibaba,ga,text|image|video,1000000,65536,0.4,1.6,,,2026-06-01,,,,qwen3.7-plus,https://www.alibabacloud.com/help/en/model-studio/model-pricing
qwen3-6-flash,Qwen3.6-Flash,Alibaba,ga,text|image|video,1000000,,0.25,1.5,,,2026-04-16,,,,qwen3.6-flash,https://www.alibabacloud.com/help/en/model-studio/model-pricing
qwen3-max,Qwen3-Max,Alibaba,ga,text,262144,32768,1.2,6,,2025-06,2025-09-23,2026-09-08,2026-09-08,qwen3.7-max,qwen3-max,https://www.alibabacloud.com/help/en/model-studio/model-depreciation
qwen3-max-preview,Qwen3-Max-Preview,Alibaba,deprecated,text,262144,32768,1.2,6,,,2025-09-05,2026-09-08,2026-09-08,qwen3.7-max,qwen3-max-preview,https://www.alibabacloud.com/help/en/model-studio/model-depreciation
qwen3-6-max-preview,Qwen3.6-Max-Preview,Alibaba,deprecated,text,262144,65536,1.3,7.8,,,,2026-09-08,2026-09-08,qwen3.7-max,qwen3.6-max-preview,https://www.alibabacloud.com/help/en/model-studio/model-depreciation
qwen-max,Qwen-Max (Qwen2.5-Max),Alibaba,ga,text,32768,8192,1.6,6.4,,,2025-01-27,,,,qwen-max,https://www.alibabacloud.com/help/en/model-studio/model-pricing
qwen3-7-plus-2026-05-26,Qwen3.7-Plus (snapshot 2026-05-26),Alibaba,ga,text|image|video,1000000,65536,0.4,1.6,,,2026-06-01,,,,qwen3.7-plus-2026-05-26,https://www.alibabacloud.com/help/en/model-studio/model-pricing
qwen3-5-plus,Qwen3.5-Plus,Alibaba,ga,text|image,262144,,0.4,2.4,,,2026-02-15,,,,qwen3.5-plus,https://www.alibabacloud.com/help/en/model-studio/model-pricing
qwen3-6-plus,Qwen3.6-Plus,Alibaba,ga,text|image|video,1000000,65536,0.5,3,,,2026-04-02,,,,qwen3.6-plus,https://www.alibabacloud.com/help/en/model-studio/model-pricing
qwen3-5-flash,Qwen3.5-Flash,Alibaba,ga,text|image,1000000,,0.1,0.4,,,2026-02-23,,,,qwen3.5-flash,https://www.alibabacloud.com/help/en/model-studio/model-pricing
qwen-plus,Qwen-Plus (Qwen3-series),Alibaba,ga,text,1000000,32768,0.4,1.2,,,2025-07-30,,,,qwen-plus,https://www.alibabacloud.com/help/en/model-studio/model-pricing
qwen-flash,Qwen-Flash,Alibaba,ga,text,1000000,,0.05,0.4,,,2025-07-28,,,,qwen-flash,https://www.alibabacloud.com/help/en/model-studio/model-pricing
qwen-turbo,Qwen-Turbo,Alibaba,deprecated,text,1000000,,0.05,0.2,,,2025-04-28,,,qwen-flash,qwen-turbo,https://www.alibabacloud.com/help/en/model-studio/model-pricing
qwen3-5-omni-plus,Qwen3.5-Omni-Plus,Alibaba,ga,text|image|audio|video,,,,,,,,,,,qwen3.5-omni-plus,https://www.alibabacloud.com/help/en/model-studio/models
qwen3-rerank,Qwen3-Rerank,Alibaba,ga,text,,,,,,,,,,,qwen3-rerank,https://www.alibabacloud.com/help/en/model-studio/model-depreciation
qwen3-235b-a22b,Qwen3-235B-A22B (open weights),Alibaba,deprecated,text,,,,,,,2025-04-28,,,qwen3.7-plus,qwen3-235b-a22b,https://www.alibabacloud.com/help/en/model-studio/model-depreciation
perplexity-sonar,Sonar,Perplexity,ga,text|image,128000,,1,1,,,2025-01,,,,sonar,https://docs.perplexity.ai/docs/sonar/models/sonar
perplexity-sonar-pro,Sonar Pro,Perplexity,ga,text|image,200000,,3,15,,,2025-01,,,,sonar-pro,https://docs.perplexity.ai/docs/sonar/models/sonar-pro
perplexity-sonar-reasoning-pro,Sonar Reasoning Pro,Perplexity,ga,text,128000,,2,8,,,,,,,sonar-reasoning-pro,https://docs.perplexity.ai/docs/sonar/models/sonar-reasoning-pro
perplexity-sonar-deep-research,Sonar Deep Research,Perplexity,ga,text,128000,,2,8,,,2025-05,,,,sonar-deep-research,https://docs.perplexity.ai/docs/sonar/models/sonar-deep-research
perplexity-sonar-reasoning,Sonar Reasoning,Perplexity,retired,text,128000,,,,,,2025-01,2025-12-15,2025-12-15,sonar-reasoning-pro,sonar-reasoning,https://docs.perplexity.ai/changelog/changelog
kimi-k2-7-code,Kimi K2.7 Code,Moonshot,ga,text,262144,,0.95,4,0.19,,2026-06-12,,,,kimi-k2.7-code,https://platform.kimi.ai/docs/pricing/chat-k27-code.md
kimi-k2-7-code-highspeed,Kimi K2.7 Code HighSpeed,Moonshot,ga,text,262144,,1.9,8,0.38,,2026-06-12,,,,kimi-k2.7-code-highspeed,https://platform.kimi.ai/docs/pricing/chat-k27-code.md
kimi-k2-6,Kimi K2.6,Moonshot,ga,text|image|video,262144,,0.95,4,0.16,,2026-04-20,,,,kimi-k2.6,https://platform.kimi.ai/docs/pricing/chat-k26.md
kimi-k2-5,Kimi K2.5,Moonshot,ga,text|image|video,262144,,0.6,3,0.1,,2026-01-27,,,,kimi-k2.5,https://platform.kimi.ai/docs/pricing/chat-k25.md
moonshot-v1-8k,Moonshot v1 8K,Moonshot,ga,text,8192,,0.2,2,,,,,,,moonshot-v1-8k,https://platform.kimi.ai/docs/pricing/chat-v1.md
moonshot-v1-32k,Moonshot v1 32K,Moonshot,ga,text,32768,,1,3,,,,,,,moonshot-v1-32k,https://platform.kimi.ai/docs/pricing/chat-v1.md
moonshot-v1-128k,Moonshot v1 128K,Moonshot,ga,text,131072,,2,5,,,,,,,moonshot-v1-128k,https://platform.kimi.ai/docs/pricing/chat-v1.md
moonshot-v1-8k-vision-preview,Moonshot v1 8K Vision (Preview),Moonshot,preview,text|image,8192,,0.2,2,,,,,,,moonshot-v1-8k-vision-preview,https://platform.kimi.ai/docs/pricing/chat-v1.md
moonshot-v1-32k-vision-preview,Moonshot v1 32K Vision (Preview),Moonshot,preview,text|image,32768,,1,3,,,,,,,moonshot-v1-32k-vision-preview,https://platform.kimi.ai/docs/pricing/chat-v1.md
moonshot-v1-128k-vision-preview,Moonshot v1 128K Vision (Preview),Moonshot,preview,text|image,131072,,2,5,,,,,,,moonshot-v1-128k-vision-preview,https://platform.kimi.ai/docs/pricing/chat-v1.md
kimi-k2-0905-preview,Kimi K2 (0905 Preview),Moonshot,deprecated,text,262144,,,,,,,2026-05-25,2026-05-25,kimi-k2.6,kimi-k2-0905-preview,https://platform.kimi.ai/docs/models.md
kimi-k2-0711-preview,Kimi K2 (0711 Preview),Moonshot,deprecated,text,131072,,,,,,2025-07-11,2026-05-25,2026-05-25,kimi-k2.6,kimi-k2-0711-preview,https://platform.kimi.ai/docs/models.md
kimi-k2-turbo-preview,Kimi K2 Turbo (Preview),Moonshot,deprecated,text,262144,,,,,,,2026-05-25,2026-05-25,kimi-k2.6,kimi-k2-turbo-preview,https://platform.kimi.ai/docs/models.md
kimi-k2-thinking,Kimi K2 Thinking,Moonshot,deprecated,text,262144,,,,,,,2026-05-25,2026-05-25,kimi-k2.6,kimi-k2-thinking,https://platform.kimi.ai/docs/models.md
kimi-k2-thinking-turbo,Kimi K2 Thinking Turbo,Moonshot,deprecated,text,262144,,,,,,,2026-05-25,2026-05-25,kimi-k2.6,kimi-k2-thinking-turbo,https://platform.kimi.ai/docs/models.md
kimi-latest,Kimi Latest,Moonshot,retired,text|image,131072,,,,,,,,2026-01-28,kimi-k2.6,kimi-latest,https://platform.kimi.ai/docs/models.md
kimi-thinking-preview,Kimi Thinking (Preview),Moonshot,retired,text,131072,,,,,,,,2025-11-11,kimi-k2.6,kimi-thinking-preview,https://platform.kimi.ai/docs/models.md
